Hosts;Kategorie
soundcloud.com;Entertainment
autokino-arena-mainz.de;Entertainment
.sportschau.de;Medien
apps.apple.com;Entertainment
play.google.com;Entertainment
youtube.com;Entertainment
dw.com;Medien
sv98.de;Fussballvereine
jahnregensburg-heizung.de;Werbung
podcasts.apple.com;Entertainment
sports.tipico.de;Entertainment
shop.scfreiburg.com;Fanshop
shop.svww.de;Fanshop
merkur.de;Medien
shop.borussia.de;Fanshop
fanshop.ksc.de;Fanshop
eurosport.de;Medien
fcsp-shop.com;Fanshop
werder.de;Fussballvereine
fcstpauli-afm.de;Entertainment
store.schalke04.de;Fanshop
daserste.de;Medien
dfl.de;Fussball
sport1.de;Medien
fc.de;Fussballvereine
liveticker.scp07.de;Fussball
calovo.de;Fussball
sport.sky.de;Entertainment
instagram.com;Social Media
twitch.tv;Entertainment
fumsmagazin.de;Medien
eintracht.de;Fussballvereine
fc-union-berlin.de;Fussballvereine
swr.de;Medien
tv.eintracht.de;Fussballvereine
media.eintracht.de;Fussballvereine
fansync.de;Werbung
fc-erzgebirge.de;Fussballvereine
ran.de;Medien
svs1916.de;Fussballvereine
ndr.de;Medien
facebook.com;Social Media
music.amazon.de;Entertainment
liveticker.sv98.de;Fussballvereine
fcstpauli.com;Fussballvereine
bild.de;Medien
br.de;Medien
vfl.de;Fussballvereine
fcsp-admin.fcstpauli.com;Werbung
hsv.de;Fussballvereine
f95.de;Fussballvereine
transfermarkt.de;Fussball
vfl-wolfsburg.de;Fussballvereine
f95.page.link;Werbung
vfb.de;Fussballvereine
achtzehn99.de;Fussballvereine
bayer04.de;Fussballvereine
fokus-fussball.de;Entertainment
betterplace.org;Charity
fcbayern.com;Fussballvereine
sueddeutsche.de;Medien
fcn.de;Fussballvereine
ticker.sportschau.de;Medien
sportbild.bild.de;Medien
t.ksc.de;Fussballvereine
twitter.com;Social Media
hertha030.live;Fussballvereine
kicker.de;Medien
fanshop.svs1916.de;Fanshop
kingsroadmerch.com;Werbung
sky.de;Entertainment
open.spotify.com;Entertainment
hannover96.de;Fussballvereine
ksc.de;Fussballvereine
lokalfreun.de;Charity
tatort.tube;Entertainment
sportschau.de;Medien
liveticker.vfl-bochum.de;Fussballvereine
dfb.de;Fussball
spiegel.de;Medien
linkedin.com;Social Media
liveticker.fc.de;Fussballvereine
aok.de;Gesundheit
infektionsschutz.de;Gesundheit
shirtum.com;Charity
tippcenter.zdf.de;Entertainment
borussia.de;Fussballvereine
faz.net;Medien
mainz05.de;Fussballvereine
museum.borussia.de;Fussballvereine
sgf1903.de;Fussballvereine
scfreiburg.com;Fussballvereine
herthabsc.de;Fussballvereine
fotmob.com;Fussball
livedab.com;Werbung
11freunde.de;Medien
liveticker.holstein-kiel.de;Fussballvereine
svww.de;Fussballvereine
m.sport1.de;Medien
tv.dfb.de;Fussball
fussball-unterstuetzt-alltagshelden.de;Gesundheit