word,Anzahl
deutschland,Wirtschaft
menschen,Soziales
krise,Politik
krise,Wirtschaft
zahl,Gesundheit
pandemie,Gesundheit
maßnahmen,Gesundheit
fälle,Gesundheit
kampf,Gesundheit
ausbreitung,Gesundheit
infektionen,Gesundheit
rki,Gesundheit
robert,Gesundheit
koch,Gesundheit
infizierten,Gesundheit
institut,Gesundheit
italien,Wirtschaft
china,Wirtschaft
regierung,Wirtschaft
infiziert,Gesundheit
berlin,Wirtschaft
berlin,Politik
entwicklungen,Gesundheit
folgen,Gesundheit
land,Politik
quarantäne,Gesundheit
wirtschaft,Wirtschaft
infizierte,Gesundheit
usa,Politik
länder,Wirtschaft
präsident,Politik
getestet,Gesundheit
schulen,Bildung
infektion,Gesundheit
informationen,Politik
informationen,Bildung
zahlen,Gesundheit
ziel,Gesundheit
trump,Politik
lage,Gesundheit
patienten,Gesundheit
ausbruch,Gesundheit
todesfälle,Gesundheit
leben,Gesundheit
neuinfektionen,Gesundheit
epidemie,Gesundheit
europa,Wirtschaft
weltweit,Wirtschaft
aktuelle,Gesundheit
tote,Gesundheit
reduzieren,Soziales
reduzieren,Gesundheit
auswirkungen,Gesundheit
positiv,Gesundheit
unternehmen,Wirtschaft
abgesagt,Sport
betroffen,Gesundheit
merkel,Politik
helfen,Gesundheit
deutlich,Gesundheit
bayern,Politik
baden,Politik
bundesregierung,Politik
millionen,Wirtschaft
millionen,Gesundheit
angst,Soziales
prozent,Gesundheit
voll,Gesundheit
eindämmung,Soziales
euro,Wirtschaft
ansteckungszahlen,Gesundheit
geschlossen,Wirtschaft
bestätigte,Gesundheit
welt,Politik
tests,Gesundheit
johns,Gesundheit
hopkins,Gesundheit
württemberg,Politik
aktuell,Gesundheit
gestorben,Gesundheit
warnt,Gesundheit
nrw,Politik
update,Gesundheit
lockerungen,Gesundheit
lockerungen,Soziales
stadt,Wirtschaft
impfstoff,Gesundheit
ministerpräsident,Politik
kinder,Bildung
polizei,Wirtschaft
infos,Politik
gestiegen,Gesundheit
öffnen,Wirtschaft
schützen,Gesundheit
gesundheitsminister,Politik
gesundheitsminister,Gesundheit
neuartigen,Gesundheit
who,Politik
sars,Gesundheit
cov,Gesundheit
bund,Politik
einschränkungen,Soziales
schutz,Soziales
schutz,Gesundheit
gemeldeten,Gesundheit
donald,Politik
kanzlerin,Politik
new,Politik
mitarbeiter,Wirtschaft
meldet,Gesundheit
abstand,Gesundheit
studie,Gesundheit
spanien,Politik
bürger,Wirtschaft
hause,Soziales
verbreitung,Soziales
verbreitung,Gesundheit
toten,Gesundheit
entwicklung,Gesundheit
bevölkerung,Wirtschaft
spahn,Politik
gemeldet,Gesundheit
hessen,Politik
ausgangssperre,Soziales
schließen,Soziales
situation,Gesundheit
bekämpfung,Gesundheit
ländern,Politik
frankreich,Politik
regeln,Soziales
pressekonferenz,Politik
bestätigt,Gesundheit
verstöße,Soziales
fußball,Sport
milliarden,Wirtschaft
milliarden,Sport
gelten,Soziales
ärzte,Gesundheit
gefahr,Soziales
daten,Gesundheit
kritik,Politik
grenzen,Wirtschaft
spÃ¼ren,Soziales
chef,Wirtschaft
wuhan,Politik
bundeskanzlerin,Politik
Ã¶sterreich,Politik
versammlungsverbot,Gesundheit
schlieÃŸt,Bildung
schlieÃŸung,Bildung
schlieÃŸt,Wirtschaft
veranstaltungen,Sport
experten,Gesundheit
krankenhaus,Gesundheit
york,Politik
behÃ¶rden,Politik
drohung,Politik
drohung,Gesundheit
informiert,Bildung
informiert,Politik
geld,Wirtschaft
kitas,Bildung
politik,Politik
landkreise,Wirtschaft
treffen,Soziales
verschoben,Sport
forscher,Gesundheit
verlangsamen,Gesundheit
trifft,Soziales
eltern,Bildung
masken,Gesundheit
beschrÃ¤nkungen,Soziales
arbeit,Wirtschaft
staaten,Politik
solidaritÃ¤t,Soziales
sachsen,Politik
stellen,Wirtschaft
bundesliga,Sport
livestream,Politik
livestream,Sport
ausgangsbeschrÃ¤nkungen,Gesundheit
test,Gesundheit
virologe,Gesundheit
wirtschaftlichen,Wirtschaft
verschÃ¤rft,Gesundheit
verschÃ¤rft,Soziales
tagesstatistik,Gesundheit
einzudÃ¤mmen,Soziales
prof,Bildung
sport,Sport
absage,Sport
gesundheitsministerium,Politik
gesundheitsministerium,Gesundheit
symptome,Gesundheit
stattfinden,Sport
gesundheit,Gesundheit
kliniken,Gesundheit
personal,Wirtschaft
personal,Gesundheit
rheinland,Politik
ursprungs,Gesundheit
bestÃ¤tigten,Gesundheit
plant,Politik
kontakt,Soziales
geschÃ¤fte,Wirtschaft
landesregierung,Politik
bewohner,Soziales
anstecken,Soziales
anstecken,Gesundheit
reisen,Wirtschaft
anstieg,Gesundheit
verlÃ¤ngert,Soziales
zuhause,Soziales
erlaubt,Soziales
spiele,Sport
Ã¶ffentlichen,Wirtschaft
testen,Gesundheit
anfang,Gesundheit
Ã¼bertragen,Soziales
christian,Politik
jens,Politik
krankenhÃ¤user,Gesundheit
thÃ¼ringen,Politik
gefÃ¤hrlich,Gesundheit
wieler,Politik
pfalz,Politik
landkreis,Wirtschaft
droht,Politik
bundeslÃ¤nder,Politik
risiko,Gesundheit
chinas,Politik
cdu,Politik
ansteckung,Gesundheit
fÃ¤llen,Gesundheit
unterstÃ¼tzung,Politik
informieren,Politik
sinkt,Gesundheit
schutzmasken,Gesundheit
lockerung,Soziales
sorge,Soziales
verstorben,Gesundheit
maskenpflicht,Gesundheit
verdacht,Gesundheit
angesteckt,Gesundheit
kindern,Bildung
genesen,Gesundheit
erkrankt,Gesundheit
zuwachs,Gesundheit
auflagen,Gesundheit
senat,Politik
geÃ¶ffnet,Wirtschaft
entscheidung,Politik
verhÃ¤ngt,Politik
kind,Bildung
restaurants,Wirtschaft
erkrankung,Gesundheit
verordnung,Soziales
produktion,Wirtschaft
reproduktionszahl,Gesundheit
betroffenen,Gesundheit
boris,Politik
groÃŸveranstaltungen,Sport
arzt,Gesundheit
offen,Wirtschaft
genesenen,Gesundheit
grenze,Wirtschaft
ministerprÃ¤sidenten,Politik
sterben,Gesundheit
bundesgesundheitsminister,Politik
politiker,Politik
sÃ¶der,Politik
genesene,Gesundheit
minister,Politik
patient,Gesundheit
klinik,Gesundheit
mundschutz,Gesundheit
kontakte,Soziales
kurzarbeit,Soziales
kurzarbeit,Wirtschaft
schule,Bildung
verboten,Soziales
verboten,Sport
sÃ¼dkorea,Politik
behandelt,Gesundheit
russland,Politik
lockern,Soziales
todesopfer,Gesundheit
gefÃ¤hrdet,Soziales
anhalt,Politik
versorgung,Gesundheit
lÃ¤den,Wirtschaft
spieler,Sport
panik,Soziales
peking,Politik
gelockert,Soziales
grippe,Gesundheit
intensivstation,Gesundheit
bundesland,Politik
medizinischen,Gesundheit
kommission,Politik
familie,Bildung
familie,Soziales
staat,Politik
infizieren,Politik
wissenschaftler,Politik
gesund,Soziales
gesund,Gesundheit
absagen,Sport
universitÃ¤t,Bildung
warnen,Soziales
olympischen,Sport
drosten,Politik
behandlung,Gesundheit
nordrhein,Politik
westfalen,Politik
reisende,Soziales
reisende,Wirtschaft
liga,Sport
auÃŸenminister,Politik
britische,Politik
milionen,Wirtschaft
milionen,Gesundheit
virologen,Politik
negativ,Gesundheit
bahn,Wirtschaft
kontaktbeschrÃ¤nkungen,Soziales
klinikum,Gesundheit
firmen,Wirtschaft
immun,Soziales
immun,Gesundheit
premier,Sport
flughafen,Wirtschaft
flÃ¼ge,Wirtschaft
lufthansa,Wirtschaft
thomas,Sport
mÃ¼ller,Sport
innenminister,Politik
lehrer,Bildung
erzieher,Bildung
kindergarten,Bildung
hochschule,Bildung
uni,Bildung
vereine,Sport
bÃ¼rgermeister,Politik
Ã¶ffnung,Wirtschaft
zuschauer,Sport
league,Sport
seehofer,Politik
fans,Sport
clubs,Sport
veranstalter,Wirtschaft
tourismus,Wirtschaft
sommerferien,Bildung
osterferien,Bildung
italiens,Politik
gastronomie,Wirtschaft
lungenkrankheit,Gesundheit
stadion,Sport
formel,Sport
spielbetrieb,Sport
stillstand,Sport
finanzminister,Politik
profi,Sport
unterricht,Bildung
olympia,Sport
kÃ¶ln,Politik
kÃ¶ln,Sport
ursula,Politik
saarland,Politik
amerika,Politik
beschÃ¤ftigte,Wirtschaft
schutzkleidung,Soziales
vorpommern,Politik
parlament,Politik
antikÃ¶rper,Gesundheit
verdopplungszeit,Gesundheit
amateur,Sport
unterrichten,Bildung
pause,Bildung
halbzeit,Sport
infektionszahlen,Gesundheit
homeoffice,Wirtschaft
homeoffice,Bildung
abschluss,Bildung
pressekonferenz,Sport
prÃ¼fungen,Bildung
abschlussprÃ¼fungen,Bildung
abitur,Bildung
niedersachsen,Politik
thÃ¼ringer,Politik
medikament,Gesundheit
medikamente,Gesundheit
euro,Wirtschaft
dollar,Wirtschaft
mio,Wirtschaft
handeln,Wirtschaft
handeln,Politik
team,Sport
ausgangssperren,Soziales
schweiz,Politik
entscheiden,Politik
besuch,Soziales
krisenstab,Politik
laliga,Sport
spielplÃ¤tze,Bildung
spielplÃ¤tze,Sport
schulschluss,Bildung
intensiv,Gesundheit
